﻿<?xml version="1.0" encoding="utf-8" ?>
<Defs>

  <ResearchProjectDef>
    <defName>WheatFarming</defName>
    <label>wheat farming</label>
    <description>Allows agriculture and basic processing of wheat.</description>
    <baseCost>400</baseCost>
    <techLevel>Neolithic</techLevel>
		<researchViewX>3</researchViewX>
		<researchViewY>0.5</researchViewY>    
  </ResearchProjectDef>

  <ResearchProjectDef>
    <defName>AdvancedGrainMilling</defName>
    <label>advanced grain processing</label>
    <description>Allows construction of advanced milling machine and electric oven for greater efficiency.</description>
    <baseCost>1000</baseCost>
    <techLevel>Industrial</techLevel>
    <prerequisites>
      <li>Electricity</li>
	    <li>WheatFarming</li>
    </prerequisites>
		<researchViewX>3</researchViewX>
		<researchViewY>1.25</researchViewY>    
  </ResearchProjectDef>
  
</Defs>