﻿<?xml version="1.0" encoding="utf-8" ?>
<Defs>
	
	<WorkGiverDef>
		<defName>UF_WorkGiver_TakeProductOutOfUniversalFermenter</defName>
		<label>take product out of fermenter</label>
		<giverClass>Kubouch.WorkGiver_TakeProductOutOfUniversalFermenter</giverClass>
		<workType>Hauling</workType>
		<verb>take product</verb>
		<gerund>taking product from</gerund>
		<priorityInType>20</priorityInType>
		<requiredCapacities>
			<li>Manipulation</li>
		</requiredCapacities>
	</WorkGiverDef>
	
	<WorkGiverDef>
		<defName>UF_WorkGiver_FillUniversalFermenter</defName>
		<label>fill fermenter</label>
		<giverClass>Kubouch.WorkGiver_FillUniversalFermenter</giverClass>
		<workType>Hauling</workType>
		<verb>fill</verb>
		<gerund>filling</gerund>
		<priorityInType>19</priorityInType>
		<requiredCapacities>
			<li>Manipulation</li>
		</requiredCapacities>
	</WorkGiverDef>

</Defs>